군별,군사특기,관련분야코드,직간접구분
육군,K121101,C011,직접
육군,K121101,C012,직접
육군,K121101,C013,직접
육군,K121101,C014,직접
육군,K121101,C015,직접
육군,K121101,C016,직접
육군,K121102,C011,직접
육군,K121102,C012,직접
육군,K121102,C013,직접
육군,K121102,C014,직접
육군,K121102,C015,직접
육군,K121102,C016,직접
육군,K122101,3091,직접
육군,K122101,3092,직접
육군,K122101,3093,직접
육군,K122101,3121,직접
육군,K122101,3122,직접
육군,K122101,4011,직접
육군,K122101,4012,직접
육군,K122101,4013,직접
육군,K122101,4021,직접
육군,K122101,4022,직접
육군,K122101,4031,직접
육군,K122101,4032,직접
육군,K122101,4033,직접
육군,K122101,4034,직접
육군,K122101,5011,직접
육군,K122101,5012,직접
육군,K122101,7041,직접
육군,K122101,7051,직접
육군,K122101,7052,직접
육군,K122101,C011,직접
육군,K122101,C012,직접
육군,K122101,C013,직접
육군,K122101,C014,직접
육군,K122101,C015,직접
육군,K122101,C016,직접
육군,K122101,4041,간접
육군,K122101,4042,간접
육군,K122101,4091,간접
육군,K122101,7011,간접
육군,K122101,7012,간접
육군,K122101,7013,간접
육군,K122101,7031,간접
육군,K122102,4091,간접
육군,K122102,5011,간접
육군,K122102,5012,간접
육군,K122102,7011,간접
육군,K122102,7012,간접
육군,K122102,7013,간접
육군,K122102,7031,간접
육군,K122102,7032,간접
육군,K122102,7051,간접
육군,K122102,7052,간접
육군,K122102,C011,간접
육군,K122102,C015,간접
육군,K122102,3091,직접
육군,K122102,3092,직접
육군,K122102,3093,직접
육군,K122102,4011,직접
육군,K122102,4012,직접
육군,K122102,4013,직접
육군,K122102,4021,직접
육군,K122102,4022,직접
육군,K122102,4031,직접
육군,K122102,4032,직접
육군,K122102,4033,직접
육군,K122102,4034,직접
육군,K122102,7041,직접
육군,K122102,C012,직접
육군,K122102,C013,직접
육군,K122102,C014,직접
육군,K122102,C016,직접
육군,K122103,3091,직접
육군,K122103,3092,직접
육군,K122103,3093,직접
육군,K122103,3121,직접
육군,K122103,3122,직접
육군,K122103,4011,직접
육군,K122103,4012,직접
육군,K122103,4013,직접
육군,K122103,4031,직접
육군,K122103,4032,직접
육군,K122103,4033,직접
육군,K122103,4034,직접
육군,K122103,5011,직접
육군,K122103,5012,직접
육군,K122103,7041,직접
육군,K122103,7051,직접
육군,K122103,C011,직접
육군,K122103,C012,직접
육군,K122103,C013,직접
육군,K122103,C014,직접
육군,K122103,C015,직접
육군,K122103,C016,직접
육군,K122103,4021,간접
육군,K122103,4022,간접
육군,K122103,4041,간접
육군,K122103,4042,간접
육군,K122103,4091,간접
육군,K122103,7011,간접
육군,K122103,7012,간접
육군,K122103,7013,간접
육군,K122103,7031,간접
육군,K122104,4021,간접
육군,K122104,4022,간접
육군,K122104,4041,간접
육군,K122104,4042,간접
육군,K122104,4091,간접
육군,K122104,5011,간접
육군,K122104,5012,간접
육군,K122104,7011,간접
육군,K122104,7012,간접
육군,K122104,7013,간접
육군,K122104,7031,간접
육군,K122104,7032,간접
육군,K122104,7051,간접
육군,K122104,7052,간접
육군,K122104,3091,직접
육군,K122104,3092,직접
육군,K122104,3093,직접
육군,K122104,4011,직접
육군,K122104,4012,직접
육군,K122104,4013,직접
육군,K122104,4031,직접
육군,K122104,4032,직접
육군,K122104,4033,직접
육군,K122104,4034,직접
육군,K122104,7041,직접
육군,K122104,C014,직접
육군,K122104,C015,직접
육군,K122104,C016,직접
육군,K122105,3091,직접
육군,K122105,3092,직접
육군,K122105,3093,직접
육군,K122105,4011,직접
육군,K122105,4012,직접
육군,K122105,4013,직접
육군,K122105,4061,직접
육군,K122105,4081,직접
육군,K122105,4082,직접
육군,K122105,4083,직접
육군,K122105,4091,직접
육군,K122105,4021,간접
육군,K122105,4022,간접
육군,K122105,4031,간접
육군,K122105,4032,간접
육군,K122105,4033,간접
육군,K122105,4034,간접
육군,K122105,4041,간접
육군,K122105,4042,간접
육군,K123101,C011,직접
육군,K123101,C012,직접
육군,K123101,C013,직접
육군,K123101,C014,직접
육군,K123101,C015,직접
육군,K123101,C016,직접
육군,K123102,3121,직접
육군,K123102,3122,직접
육군,K123102,5011,직접
육군,K123102,5012,직접
육군,K123102,7051,직접
육군,K123102,7052,직접
육군,K123102,C011,직접
육군,K123102,C012,직접
육군,K123102,C013,직접
육군,K123102,C014,직접
육군,K123102,C015,직접
육군,K123102,3091,간접
육군,K123102,3092,간접
육군,K123102,3093,간접
육군,K123102,4031,간접
육군,K123102,4032,간접
육군,K123102,4033,간접
육군,K123102,4034,간접
육군,K123102,4091,간접
육군,K123102,7011,간접
육군,K123102,7012,간접
육군,K123102,7013,간접
육군,K123102,7031,간접
육군,K123102,9011,간접
육군,K123102,9012,간접
육군,K123102,9013,간접
육군,K123103,C011,직접
육군,K123103,C012,직접
육군,K123103,C013,직접
육군,K123103,C014,직접
육군,K123103,C015,직접
육군,K123103,C016,직접
육군,K123104,3121,직접
육군,K123104,3122,직접
육군,K123104,5011,직접
육군,K123104,5012,직접
육군,K123104,7051,직접
육군,K123104,7052,직접
육군,K123104,C011,직접
육군,K123104,C012,직접
육군,K123104,C013,직접
육군,K123104,C014,직접
육군,K123104,C015,직접
육군,K123104,3091,간접
육군,K123104,3092,간접
육군,K123104,3093,간접
육군,K123104,4031,간접
육군,K123104,4032,간접
육군,K123104,4033,간접
육군,K123104,4034,간접
육군,K123104,4091,간접
육군,K123104,7011,간접
육군,K123104,7012,간접
육군,K123104,7013,간접
육군,K123104,7031,간접
육군,K123104,7032,간접
육군,K123104,9011,간접
육군,K123104,9012,간접
육군,K123104,9013,간접
육군,K131101,3000,직접
육군,K131102,3000,직접
육군,K131103,3000,직접
육군,K131104,3091,직접
육군,K131104,3092,직접
육군,K131104,3093,직접
육군,K131104,3111,직접
육군,K131104,3112,직접
육군,K131104,3113,직접
육군,K131104,3114,직접
육군,K131104,3115,직접
육군,K131104,3116,직접
육군,K131104,3117,직접
육군,K131104,3118,직접
육군,K131104,3121,직접
육군,K131104,3122,직접
육군,K131104,7011,직접
육군,K131104,7012,직접
육군,K131104,7013,직접
육군,K131104,7051,직접
육군,K131104,7052,직접
육군,K131104,9011,직접
육군,K131104,9012,직접
육군,K131104,9013,직접
육군,K131104,9014,직접
육군,K131105,7021,간접
육군,K131105,7031,간접
육군,K131105,7051,간접
육군,K131105,7052,간접
육군,K131105,3121,직접
육군,K131105,3122,직접
육군,K131105,7011,직접
육군,K131105,7012,직접
육군,K131105,7013,직접
육군,K131106,3091,직접
육군,K131106,3092,직접
육군,K131106,3093,직접
육군,K131106,3121,직접
육군,K131106,3122,직접
육군,K131106,4011,직접
육군,K131106,4012,직접
육군,K131106,4013,직접
육군,K131106,7011,직접
육군,K131106,7012,직접
육군,K131106,7013,직접
육군,K131106,7051,직접
육군,K131106,7052,직접
육군,K131107,3091,직접
육군,K131107,3111,직접
육군,K131107,3112,직접
육군,K131107,3113,직접
육군,K131107,3114,직접
육군,K131107,3115,직접
육군,K131107,3116,직접
육군,K131107,3117,직접
육군,K131107,3118,직접
육군,K131107,3121,직접
육군,K131107,3122,직접
육군,K131107,7011,직접
육군,K131107,7012,직접
육군,K131107,7013,직접
육군,K131107,7051,직접
육군,K131107,7052,직접
육군,K131107,9011,직접
육군,K131107,9012,직접
육군,K131107,9013,직접
육군,K131107,9014,직접
육군,K131108,3091,직접
육군,K131108,3092,직접
육군,K131108,3093,직접
육군,K131108,3121,직접
육군,K131108,3122,직접
육군,K131108,4011,직접
육군,K131108,4012,직접
육군,K131108,4013,직접
육군,K131108,7011,직접
육군,K131108,7012,직접
육군,K131108,7013,직접
육군,K131108,7051,직접
육군,K131108,7052,직접
육군,K132101,3121,간접
육군,K132101,3122,간접
육군,K132101,7051,간접
육군,K132101,7052,간접
육군,K132101,3091,직접
육군,K132101,3092,직접
육군,K132101,3093,직접
육군,K132101,4031,직접
육군,K132101,4032,직접
육군,K132101,4033,직접
육군,K132101,4034,직접
육군,K132101,7011,직접
육군,K132101,7012,직접
육군,K132101,7013,직접
육군,K132102,0041,직접
육군,K132102,4011,직접
육군,K132102,4012,직접
육군,K132102,4013,직접
육군,K132102,7011,직접
육군,K132102,7012,직접
육군,K132102,7013,직접
육군,K132102,3091,간접
육군,K132102,3092,간접
육군,K132102,3093,간접
육군,K132102,4031,간접
육군,K132102,4032,간접
육군,K132102,4033,간접
육군,K132102,4034,간접
육군,K132103,3091,간접
육군,K132103,3092,간접
육군,K132103,3093,간접
육군,K132103,4031,간접
육군,K132103,4032,간접
육군,K132103,4033,간접
육군,K132103,4034,간접
육군,K132103,0041,직접
육군,K132103,4011,직접
육군,K132103,4012,직접
육군,K132103,4013,직접
육군,K132103,7011,직접
육군,K132103,7012,직접
육군,K132103,7013,직접
육군,K133101,0041,직접
육군,K133101,0071,직접
육군,K133101,0072,직접
육군,K133101,0073,직접
육군,K133101,1031,직접
육군,K133101,1032,직접
육군,K133103,0041,직접
육군,K133103,1031,직접
육군,K133103,1032,직접
육군,K133104,0051,직접
육군,K133104,0071,직접
육군,K133104,0072,직접
육군,K133104,0073,직접
육군,K133104,1031,직접
육군,K133104,1032,직접
육군,K133104,0011,간접
육군,K133104,0012,간접
육군,K133104,1011,간접
육군,K133104,1012,간접
육군,K133104,1013,간접
육군,K133104,1014,간접
육군,K133104,1015,간접
육군,K133104,1016,간접
육군,K133104,1017,간접
육군,K133104,1021,간접
육군,K133104,1022,간접
육군,K133104,1023,간접
육군,K133104,1024,간접
육군,K133104,1025,간접
육군,K133104,1026,간접
육군,K133104,1027,간접
육군,K133104,1028,간접
육군,K133105,0011,간접
육군,K133105,0012,간접
육군,K133105,1011,간접
육군,K133105,1012,간접
육군,K133105,1013,간접
육군,K133105,1014,간접
육군,K133105,1015,간접
육군,K133105,1016,간접
육군,K133105,1017,간접
육군,K133105,1021,간접
육군,K133105,1022,간접
육군,K133105,1023,간접
육군,K133105,1024,간접
육군,K133105,1025,간접
육군,K133105,1026,간접
육군,K133105,1027,간접
육군,K133105,1028,간접
육군,K133105,0051,직접
육군,K133105,0071,직접
육군,K133105,0072,직접
육군,K133105,0073,직접
육군,K133105,1031,직접
육군,K133105,1032,직접
육군,K133106,4011,직접
육군,K133106,4012,직접
육군,K133106,4013,직접
육군,K133106,4031,직접
육군,K133106,4032,직접
육군,K133106,4033,직접
육군,K133106,4034,직접
육군,K133106,7011,직접
육군,K133106,7012,직접
육군,K133106,7013,직접
육군,K133106,0041,간접
육군,K133106,3091,간접
육군,K133106,3092,간접
육군,K133106,3093,간접
육군,K133107,3041,간접
육군,K133107,3021,직접
육군,K133107,3101,직접
육군,K133108,4011,직접
육군,K133108,4012,직접
육군,K133108,4013,직접
육군,K133108,4031,직접
육군,K133108,4032,직접
육군,K133108,4033,직접
육군,K133108,4034,직접
육군,K133108,7011,직접
육군,K133108,7012,직접
육군,K133108,0041,간접
육군,K133108,3091,간접
육군,K133108,3092,간접
육군,K133108,3093,간접
육군,K133109,3021,간접
육군,K133109,3022,간접
육군,K133109,3041,간접
육군,K133109,3042,간접
육군,K133109,3101,간접
육군,K133109,0041,직접
육군,K133109,3091,직접
육군,K133109,3092,직접
육군,K133109,3093,직접
육군,K133109,4011,직접
육군,K133109,4012,직접
육군,K133109,4013,직접
육군,K133109,4031,직접
육군,K133109,4032,직접
육군,K133109,4033,직접
육군,K133109,4034,직접
육군,K133109,7011,직접
육군,K133109,7012,직접
육군,K133109,7013,직접
육군,K134101,4011,직접
육군,K134101,4012,직접
육군,K134101,4013,직접
육군,K134101,4031,직접
육군,K134101,4032,직접
육군,K134101,4033,직접
육군,K134101,4034,직접
육군,K134101,7011,직접
육군,K134101,7012,직접
육군,K134101,7013,직접
육군,K134101,3091,간접
육군,K134101,3092,간접
육군,K134101,3093,간접
육군,K134102,3091,간접
육군,K134102,3092,간접
육군,K134102,3093,간접
육군,K134102,4041,간접
육군,K134102,4042,간접
육군,K134102,4011,직접
육군,K134102,4012,직접
육군,K134102,4013,직접
육군,K134102,4021,직접
육군,K134102,4022,직접
육군,K134102,4031,직접
육군,K134102,4032,직접
육군,K134102,4033,직접
육군,K134102,4034,직접
육군,K134102,7011,직접
육군,K134102,7012,직접
육군,K134102,7013,직접
육군,K135101,2021,직접
육군,K135101,3071,직접
육군,K135101,4081,직접
육군,K135101,4082,직접
육군,K135101,4083,직접
육군,K141101,3091,직접
육군,K141101,3092,직접
육군,K141101,3093,직접
육군,K141101,4011,직접
육군,K141101,4012,직접
육군,K141101,4013,직접
육군,K141101,4021,직접
육군,K141101,4022,직접
육군,K141101,4081,직접
육군,K141101,4082,직접
육군,K141101,4083,직접
육군,K141101,4091,직접
육군,K141101,7011,직접
육군,K141101,7012,직접
육군,K141101,7013,직접
육군,K141102,3091,직접
육군,K141102,3092,직접
육군,K141102,3093,직접
육군,K141102,4011,직접
육군,K141102,4012,직접
육군,K141102,4013,직접
육군,K141102,4021,직접
육군,K141102,4022,직접
육군,K141102,4081,직접
육군,K141102,4082,직접
육군,K141102,4083,직접
육군,K141102,4091,직접
육군,K141102,7011,직접
육군,K141102,7012,직접
육군,K141102,7013,직접
육군,K141103,3091,직접
육군,K141103,3092,직접
육군,K141103,3093,직접
육군,K141103,4011,직접
육군,K141103,4012,직접
육군,K141103,4013,직접
육군,K141103,4021,직접
육군,K141103,4022,직접
육군,K141103,4081,직접
육군,K141103,4082,직접
육군,K141103,4083,직접
육군,K141103,4091,직접
육군,K141103,7011,직접
육군,K141103,7012,직접
육군,K141103,7013,직접
육군,K141104,3000,직접
육군,K141105,3000,직접
육군,K141106,3091,직접
육군,K141106,3092,직접
육군,K141106,3093,직접
육군,K141106,4011,직접
육군,K141106,4012,직접
육군,K141106,4013,직접
육군,K141106,4021,직접
육군,K141106,4022,직접
육군,K141106,4081,직접
육군,K141106,4082,직접
육군,K141106,4083,직접
육군,K141106,4091,직접
육군,K141106,7011,직접
육군,K141106,7012,직접
육군,K141106,7013,직접
육군,K141107,3091,직접
육군,K141107,3092,직접
육군,K141107,3093,직접
육군,K141107,4011,직접
육군,K141107,4012,직접
육군,K141107,4013,직접
육군,K141107,4091,직접
육군,K141107,7011,직접
육군,K141107,7012,직접
육군,K141107,7013,직접
육군,K142101,4011,직접
육군,K142101,4012,직접
육군,K142101,4013,직접
육군,K142101,4031,직접
육군,K142101,4032,직접
육군,K142101,4033,직접
육군,K142101,4034,직접
육군,K142101,4081,직접
육군,K142101,4082,직접
육군,K142101,4083,직접
육군,K142101,4091,직접
육군,K142101,7011,직접
육군,K142101,7012,직접
육군,K142101,7013,직접
육군,K142101,3091,간접
육군,K142101,3092,간접
육군,K142101,3093,간접
육군,K142101,4021,간접
육군,K142101,4022,간접
육군,K142102,7011,간접
육군,K142102,7012,간접
육군,K142102,7013,간접
육군,K142102,7051,간접
육군,K142102,7052,간접
육군,K142102,3091,직접
육군,K142102,3092,직접
육군,K142102,3093,직접
육군,K142102,4011,직접
육군,K142102,4012,직접
육군,K142102,4013,직접
육군,K142102,4021,직접
육군,K142102,4022,직접
육군,K142102,4031,직접
육군,K142102,4032,직접
육군,K142102,4033,직접
육군,K142102,4034,직접
육군,K142102,4081,직접
육군,K142102,4082,직접
육군,K142102,4083,직접
육군,K142102,4091,직접
육군,K142103,3091,직접
육군,K142103,3092,직접
육군,K142103,3093,직접
육군,K142103,4011,직접
육군,K142103,4012,직접
육군,K142103,4013,직접
육군,K142103,4031,직접
육군,K142103,4032,직접
육군,K142103,4033,직접
육군,K142103,4034,직접
육군,K142103,4091,직접
육군,K142103,7011,직접
육군,K142103,7012,직접
육군,K142103,7013,직접
육군,K142104,7012,간접
육군,K142104,4011,직접
육군,K142104,4012,직접
육군,K142104,4021,직접
육군,K142104,7011,직접
육군,K143101,3091,직접
육군,K143101,3092,직접
육군,K143101,3093,직접
육군,K143101,4011,직접
육군,K143101,4012,직접
육군,K143101,4013,직접
육군,K143101,4031,직접
육군,K143101,4032,직접
육군,K143101,4033,직접
육군,K143101,4034,직접
육군,K143101,4091,직접
육군,K143101,7011,직접
육군,K143101,7012,직접
육군,K143101,7013,직접
육군,K151101,0031,간접
육군,K151101,0032,간접
육군,K151101,0081,간접
육군,K151101,0082,간접
육군,K151101,0051,직접
육군,K151101,2011,직접
육군,K151101,4081,직접
육군,K151101,4082,직접
육군,K151101,4083,직접
육군,K151101,4091,직접
육군,K151102,2011,직접
육군,K151102,3061,직접
육군,K151102,3101,직접
육군,K151102,4082,직접
육군,K151102,4091,직접
육군,K151102,0052,간접
육군,K151102,0091,간접
육군,K151102,1031,간접
육군,K151103,1023,간접
육군,K151103,1063,직접
육군,K151103,1065,직접
육군,K151103,2011,직접
육군,K151103,3101,직접
육군,K152101,0041,직접
육군,K152101,0051,직접
육군,K152101,3091,직접
육군,K152101,3092,직접
육군,K152101,3093,직접
육군,K152101,4011,직접
육군,K152101,4012,직접
육군,K152101,4013,직접
육군,K152101,4041,직접
육군,K152101,4042,직접
육군,K152101,4061,직접
육군,K152101,4081,직접
육군,K152101,4082,직접
육군,K152101,4083,직접
육군,K152101,4091,직접
육군,K152101,7011,직접
육군,K152101,7012,직접
육군,K152101,7013,직접
육군,K152101,4021,간접
육군,K152101,4022,간접
육군,K152101,4031,간접
육군,K152101,4032,간접
육군,K152101,4033,간접
육군,K152101,4034,간접
육군,K152102,4021,간접
육군,K152102,4022,간접
육군,K152102,4031,간접
육군,K152102,4032,간접
육군,K152102,4033,간접
육군,K152102,4034,간접
육군,K152102,0041,직접
육군,K152102,0051,직접
육군,K152102,4011,직접
육군,K152102,4012,직접
육군,K152102,4013,직접
육군,K152102,4041,직접
육군,K152102,4042,직접
육군,K152102,4061,직접
육군,K152102,4081,직접
육군,K152102,4082,직접
육군,K152102,4083,직접
육군,K152102,4091,직접
육군,K152103,1033,직접
육군,K152103,4011,직접
육군,K152103,4091,직접
육군,K152103,0041,간접
육군,K152103,4081,간접
육군,K152103,4082,간접
육군,K152103,4083,간접
육군,K153101,1031,간접
육군,K153101,1032,간접
육군,K153101,2011,간접
육군,K153101,2021,간접
육군,K153101,2031,간접
육군,K153101,3101,간접
육군,K153101,4021,간접
육군,K153101,4022,간접
육군,K153101,4031,간접
육군,K153101,4032,간접
육군,K153101,4033,간접
육군,K153101,4034,간접
육군,K153101,0041,직접
육군,K153101,0051,직접
육군,K153101,3091,직접
육군,K153101,3092,직접
육군,K153101,3093,직접
육군,K153101,4011,직접
육군,K153101,4012,직접
육군,K153101,4013,직접
육군,K153101,4041,직접
육군,K153101,4042,직접
육군,K153101,4081,직접
육군,K153101,4082,직접
육군,K153101,4083,직접
육군,K153101,4091,직접
육군,K153101,4101,직접
육군,K153101,4102,직접
육군,K153101,4111,직접
육군,K153101,4112,직접
육군,K153101,4113,직접
육군,K154101,0051,직접
육군,K154101,2011,직접
육군,K154101,0011,간접
육군,K154101,0012,간접
육군,K154101,0081,간접
육군,K154101,0082,간접
육군,K154101,1031,간접
육군,K156101,*053,직접
육군,K156101,0053,직접
육군,K156101,0054,직접
육군,K161101,3000,직접
육군,K161102,3000,직접
육군,K161103,3011,간접
육군,K161103,3012,간접
육군,K161103,3041,간접
육군,K161103,3042,간접
육군,K161103,3051,직접
육군,K161103,3091,직접
육군,K161103,3092,직접
육군,K161103,3093,직접
육군,K161103,6021,직접
육군,K161103,6022,직접
육군,K161103,6023,직접
육군,K161104,3011,직접
육군,K161104,3012,직접
육군,K161104,3041,직접
육군,K161104,3042,직접
육군,K161104,3021,직접
육군,K161104,3022,직접
육군,K161104,3031,직접
육군,K161104,3101,직접
육군,K162101,3011,직접
육군,K162101,3012,직접
육군,K162101,3041,직접
육군,K162101,3042,직접
육군,K162101,3101,직접
육군,K162102,3081,직접
육군,K162102,3082,직접
육군,K162102,3091,간접
육군,K162102,3092,간접
육군,K162102,3093,간접
육군,K162102,4031,간접
육군,K162102,4032,간접
육군,K162102,4033,간접
육군,K162102,4034,간접
육군,K162103,3061,직접
육군,K162103,3071,직접
육군,K162103,7021,직접
육군,K162104,3081,직접
육군,K162104,3082,직접
육군,K162104,3091,직접
육군,K162104,3092,직접
육군,K162104,3093,직접
육군,K163101,3111,직접
육군,K163101,3112,직접
육군,K163101,3113,직접
육군,K163101,3114,직접
육군,K163101,3115,직접
육군,K163101,3116,직접
육군,K163101,3117,직접
육군,K163101,3118,직접
육군,K163101,3121,간접
육군,K163101,3122,간접
육군,K163101,7051,간접
육군,K163101,7052,간접
육군,K163101,9011,간접
육군,K163101,9012,간접
육군,K163101,9013,간접
육군,K163102,3116,직접
육군,K163102,3118,직접
육군,K163103,3000,직접
육군,K163104,3111,간접
육군,K163104,3112,간접
육군,K163104,3113,간접
육군,K163104,3114,간접
육군,K163104,3115,간접
육군,K163104,3116,간접
육군,K163104,3117,간접
육군,K163104,3118,간접
육군,K163104,7051,간접
육군,K163104,7052,간접
육군,K163104,9011,간접
육군,K163104,9012,간접
육군,K163104,9013,간접
육군,K163104,3121,직접
육군,K163104,3122,직접
육군,K163104,9021,직접
육군,K163104,9022,직접
육군,K163104,9023,직접
육군,K163105,6021,직접
육군,K163105,6022,직접
육군,K163105,6023,직접
육군,K163105,6031,직접
육군,K163105,6032,직접
육군,K163105,6033,직접
육군,K163105,6041,직접
육군,K163105,6042,직접
육군,K163105,3061,간접
육군,K163105,3071,간접
육군,K163105,4031,간접
육군,K163105,4032,간접
육군,K163105,4033,간접
육군,K163105,4034,간접
육군,K163105,6011,간접
육군,K163105,6012,간접
육군,K163106,3111,간접
육군,K163106,3112,간접
육군,K163106,3113,간접
육군,K163106,3114,간접
육군,K163106,3115,간접
육군,K163106,3116,간접
육군,K163106,3117,간접
육군,K163106,3118,간접
육군,K163106,7011,간접
육군,K163106,7012,간접
육군,K163106,9021,직접
육군,K163106,9022,직접
육군,K163106,9023,직접
육군,K163107,3111,직접
육군,K163107,3112,직접
육군,K163107,3113,직접
육군,K163107,3114,직접
육군,K163107,3115,직접
육군,K163107,3116,직접
육군,K163107,3117,직접
육군,K163107,3118,직접
육군,K163107,3121,직접
육군,K163107,3122,직접
육군,K163107,7051,직접
육군,K163107,7052,직접
육군,K163107,7011,간접
육군,K163107,7012,간접
육군,K163107,7013,간접
육군,K163107,7021,간접
육군,K163108,3121,간접
육군,K163108,3122,간접
육군,K163108,7051,간접
육군,K163108,7052,간접
육군,K163108,9011,간접
육군,K163108,9012,간접
육군,K163108,9013,간접
육군,K163108,3111,직접
육군,K163108,3112,직접
육군,K163108,3113,직접
육군,K163108,3114,직접
육군,K163108,3115,직접
육군,K163108,3116,직접
육군,K163108,3117,직접
육군,K163108,3118,직접
육군,K163109,3111,직접
육군,K163109,3112,직접
육군,K163109,3113,직접
육군,K163109,3114,직접
육군,K163109,3115,직접
육군,K163109,3116,직접
육군,K163109,3117,직접
육군,K163109,3118,직접
육군,K163109,3121,직접
육군,K163109,3122,직접
육군,K163109,7051,직접
육군,K163109,7052,직접
육군,K163110,3121,간접
육군,K163110,3122,간접
육군,K163110,7051,간접
육군,K163110,7052,간접
육군,K163110,9011,간접
육군,K163110,9012,간접
육군,K163110,9013,간접
육군,K163110,3111,직접
육군,K163110,3112,직접
육군,K163110,3113,직접
육군,K163110,3114,직접
육군,K163110,3115,직접
육군,K163110,3116,직접
육군,K163110,3117,직접
육군,K163110,3118,직접
육군,K163111,3111,직접
육군,K163111,3112,직접
육군,K163111,3113,직접
육군,K163111,3114,직접
육군,K163111,3115,직접
육군,K163111,3116,직접
육군,K163111,3117,직접
육군,K163111,3118,직접
육군,K163111,3121,간접
육군,K163111,7051,간접
육군,K163111,7052,간접
육군,K163111,9011,간접
육군,K163111,9012,간접
육군,K163111,9013,간접
육군,K163112,3121,간접
육군,K163112,3122,간접
육군,K163112,7051,간접
육군,K163112,7052,간접
육군,K163112,9011,간접
육군,K163112,9012,간접
육군,K163112,9013,간접
육군,K163112,3111,직접
육군,K163112,3112,직접
육군,K163112,3113,직접
육군,K163112,3114,직접
육군,K163112,3115,직접
육군,K163112,3116,직접
육군,K163112,3117,직접
육군,K163112,3118,직접
육군,K163113,3111,직접
육군,K163113,3112,직접
육군,K163113,3113,직접
육군,K163113,3114,직접
육군,K163113,3115,직접
육군,K163113,3116,직접
육군,K163113,3117,직접
육군,K163113,3118,직접
육군,K163114,3091,직접
육군,K163114,3092,직접
육군,K163114,3093,직접
육군,K163114,4031,직접
육군,K163114,4032,직접
육군,K163114,4033,직접
육군,K163114,4034,직접
육군,K163115,3121,직접
육군,K163115,3122,직접
육군,K163115,7051,직접
육군,K163115,7052,직접
육군,K163116,4021,간접
육군,K163116,4022,간접
육군,K163116,4031,간접
육군,K163116,4032,간접
육군,K163116,4033,간접
육군,K163116,4034,간접
육군,K163116,0041,직접
육군,K163116,0051,직접
육군,K163116,3091,직접
육군,K163116,3092,직접
육군,K163116,3093,직접
육군,K163116,3121,직접
육군,K163116,3122,직접
육군,K163116,4011,직접
육군,K163116,4012,직접
육군,K163116,4013,직접
육군,K163116,4041,직접
육군,K163116,4042,직접
육군,K163116,4061,직접
육군,K163116,4081,직접
육군,K163116,4082,직접
육군,K163116,4083,직접
육군,K163116,4091,직접
육군,K163116,7011,직접
육군,K163116,7012,직접
육군,K163116,7013,직접
육군,K163116,7051,직접
육군,K163116,7052,직접
육군,K171101,0041,직접
육군,K171101,3091,직접
육군,K171101,3092,직접
육군,K171101,3093,직접
육군,K171101,4011,직접
육군,K171101,4012,직접
육군,K171101,4013,직접
육군,K171101,4021,직접
육군,K171101,4022,직접
육군,K171101,4031,직접
육군,K171101,4032,직접
육군,K171101,4033,직접
육군,K171101,4034,직접
육군,K171101,4041,직접
육군,K171101,4042,직접
육군,K171101,4061,직접
육군,K171101,4081,직접
육군,K171101,4082,직접
육군,K171101,4083,직접
육군,K171101,4091,직접
육군,K171101,C013,직접
육군,K171101,C014,직접
육군,K171101,C015,직접
육군,K171101,C016,직접
육군,K171102,1101,간접
육군,K171102,3091,간접
육군,K171102,3092,간접
육군,K171102,3093,간접
육군,K171102,4021,간접
육군,K171102,4022,간접
육군,K171102,4031,간접
육군,K171102,4032,간접
육군,K171102,4033,간접
육군,K171102,4034,간접
육군,K171102,C015,간접
육군,K171102,0041,직접
육군,K171102,0051,직접
육군,K171102,4011,직접
육군,K171102,4012,직접
육군,K171102,4013,직접
육군,K171102,4041,직접
육군,K171102,4042,직접
육군,K171102,4081,직접
육군,K171102,4082,직접
육군,K171102,4083,직접
육군,K171102,4091,직접
육군,K171102,C016,직접
육군,K171103,4011,직접
육군,K171103,4012,직접
육군,K171103,4013,직접
육군,K171103,4081,직접
육군,K171103,4082,직접
육군,K171103,4083,직접
육군,K171103,4091,직접
육군,K171103,C016,직접
육군,K171103,0041,간접
육군,K171103,1031,간접
육군,K171103,1032,간접
육군,K171103,1033,간접
육군,K171103,1101,간접
육군,K171103,3091,간접
육군,K171103,3092,간접
육군,K171103,3093,간접
육군,K171103,4021,간접
육군,K171103,4022,간접
육군,K171103,4031,간접
육군,K171103,4032,간접
육군,K171103,4033,간접
육군,K171103,4034,간접
육군,K171103,4041,간접
육군,K171103,4042,간접
육군,K171103,C015,간접
육군,K171104,0041,직접
육군,K171104,3091,직접
육군,K171104,3092,직접
육군,K171104,3093,직접
육군,K171104,4011,직접
육군,K171104,4012,직접
육군,K171104,4013,직접
육군,K171104,4021,직접
육군,K171104,4022,직접
육군,K171104,4031,직접
육군,K171104,4032,직접
육군,K171104,4033,직접
육군,K171104,4034,직접
육군,K171104,4041,직접
육군,K171104,4042,직접
육군,K171104,4081,직접
육군,K171104,4082,직접
육군,K171104,4083,직접
육군,K171104,4091,직접
육군,K171104,C013,직접
육군,K171104,C014,직접
육군,K171104,C015,직접
육군,K171104,C016,직접
육군,K171105,4021,간접
육군,K171105,4022,간접
육군,K171105,4031,간접
육군,K171105,4032,간접
육군,K171105,4033,간접
육군,K171105,4034,간접
육군,K171105,4041,간접
육군,K171105,4042,간접
육군,K171105,4081,간접
육군,K171105,4082,간접
육군,K171105,4083,간접
육군,K171105,0041,직접
육군,K171105,0051,직접
육군,K171105,4011,직접
육군,K171105,4012,직접
육군,K171105,4013,직접
육군,K171105,4091,직접
육군,K171106,0041,직접
육군,K171106,4011,직접
육군,K171106,4012,직접
육군,K171106,4013,직접
육군,K171106,4091,직접
육군,K171106,4111,직접
육군,K171106,4112,직접
육군,K171106,4113,직접
육군,K171106,1101,간접
육군,K171106,4021,간접
육군,K171106,4022,간접
육군,K171106,4041,간접
육군,K171106,4042,간접
육군,K171106,4061,간접
육군,K171107,4061,간접
육군,K171107,4011,직접
육군,K171107,4012,직접
육군,K171107,4013,직접
육군,K171107,4031,직접
육군,K171107,4032,직접
육군,K171107,4033,직접
육군,K171107,4034,직접
육군,K171107,4041,직접
육군,K171107,4042,직접
육군,K171107,4091,직접
육군,K171108,4041,간접
육군,K171108,4042,간접
육군,K171108,0041,직접
육군,K171108,4081,직접
육군,K171108,4082,직접
육군,K171108,4083,직접
육군,K171108,4091,직접
육군,K172101,4021,간접
육군,K172101,4022,간접
육군,K172101,4031,간접
육군,K172101,4032,간접
육군,K172101,4033,간접
육군,K172101,4034,간접
육군,K172101,0041,직접
육군,K172101,4011,직접
육군,K172101,4012,직접
육군,K172101,4013,직접
육군,K172101,4041,직접
육군,K172101,4042,직접
육군,K172101,4081,직접
육군,K172101,4082,직접
육군,K172101,4083,직접
육군,K172101,4091,직접
육군,K172102,0041,직접
육군,K172102,4011,직접
육군,K172102,4012,직접
육군,K172102,4013,직접
육군,K172102,4041,직접
육군,K172102,4042,직접
육군,K172102,4081,직접
육군,K172102,4082,직접
육군,K172102,4083,직접
육군,K172102,4091,직접
육군,K172102,4151,직접
육군,K172102,4021,간접
육군,K172102,4022,간접
육군,K172102,4031,간접
육군,K172102,4032,간접
육군,K172102,4033,간접
육군,K172102,4034,간접
육군,K173101,0071,간접
육군,K173101,0072,간접
육군,K173101,0073,간접
육군,K173101,0081,간접
육군,K173101,0082,간접
육군,K173101,1031,간접
육군,K173101,0041,직접
육군,K173101,4011,직접
육군,K173101,4012,직접
육군,K173101,4013,직접
육군,K173101,4021,직접
육군,K173101,4022,직접
육군,K173101,4031,직접
육군,K173101,4032,직접
육군,K173101,4033,직접
육군,K173101,4034,직접
육군,K173101,4041,직접
육군,K173101,4042,직접
육군,K173101,4061,직접
육군,K173101,4081,직접
육군,K173101,4082,직접
육군,K173101,4083,직접
육군,K173101,4091,직접
육군,K173101,4101,직접
육군,K173101,4102,직접
육군,K173101,4111,직접
육군,K173101,4112,직접
육군,K173101,4113,직접
육군,K174101,0041,직접
육군,K174101,4081,직접
육군,K174101,4082,직접
육군,K174101,4083,직접
육군,K174101,4091,직접
육군,K174101,4011,간접
육군,K174101,4012,간접
육군,K174101,4013,간접
육군,K174101,4031,간접
육군,K174101,4032,간접
육군,K174101,4033,간접
육군,K174101,4034,간접
육군,K174101,4041,간접
육군,K174101,4042,간접
육군,K175101,0041,직접
육군,K175101,0051,직접
육군,K175101,4011,직접
육군,K175101,4012,직접
육군,K175101,4013,직접
육군,K175101,4041,직접
육군,K175101,4042,직접
육군,K175101,4061,직접
육군,K175101,4091,직접
육군,K175102,0041,직접
육군,K175102,0051,직접
육군,K175102,4011,직접
육군,K175102,4012,직접
육군,K175102,4013,직접
육군,K175102,4041,직접
육군,K175102,4042,직접
육군,K175102,4091,직접
육군,K175103,0041,직접
육군,K175103,0051,직접
육군,K175103,4041,직접
육군,K175103,4042,직접
육군,K175103,4091,직접
육군,K181101,5021,직접
육군,K182101,3091,간접
육군,K182101,3092,간접
육군,K182101,3093,간접
육군,K182101,4011,간접
육군,K182101,4012,간접
육군,K182101,4013,간접
육군,K182101,4031,간접
육군,K182101,4032,간접
육군,K182101,4033,간접
육군,K182101,4034,간접
육군,K182101,7031,간접
육군,K182101,5011,직접
육군,K182101,5012,직접
육군,K182101,5021,직접
육군,K182101,7011,직접
육군,K182101,7012,직접
육군,K182101,7013,직접
육군,K182101,7051,직접
육군,K182102,5011,직접
육군,K182102,5012,직접
육군,K182102,5021,직접
육군,K182102,7011,직접
육군,K182102,7012,직접
육군,K182102,7013,직접
육군,K182102,7051,직접
육군,K182102,3091,간접
육군,K182102,3092,간접
육군,K182102,3093,간접
육군,K182102,4011,간접
육군,K182102,4012,간접
육군,K182102,4013,간접
육군,K182102,7031,간접
육군,K182103,3091,간접
육군,K182103,3092,간접
육군,K182103,3093,간접
육군,K182103,4011,간접
육군,K182103,4012,간접
육군,K182103,4013,간접
육군,K182103,7031,간접
육군,K182103,5011,직접
육군,K182103,5012,직접
육군,K182103,5021,직접
육군,K182103,7011,직접
육군,K182103,7012,직접
육군,K182103,7013,직접
육군,K182103,7051,직접
육군,K182104,5011,직접
육군,K182104,5012,직접
육군,K182104,5021,직접
육군,K182104,7011,직접
육군,K182104,7012,직접
육군,K182104,7013,직접
육군,K182104,7051,직접
육군,K182104,3091,간접
육군,K182104,3092,간접
육군,K182104,3093,간접
육군,K182104,4011,간접
육군,K182104,4012,간접
육군,K182104,4013,간접
육군,K182104,7031,간접
육군,K182105,3091,간접
육군,K182105,3092,간접
육군,K182105,3093,간접
육군,K182105,4011,간접
육군,K182105,4012,간접
육군,K182105,4013,간접
육군,K182105,7031,간접
육군,K182105,5011,직접
육군,K182105,5012,직접
육군,K182105,5021,직접
육군,K182105,7011,직접
육군,K182105,7012,직접
육군,K182105,7013,직접
육군,K182105,7051,직접
육군,K182106,5011,직접
육군,K182106,5012,직접
육군,K182106,5021,직접
육군,K182106,7011,직접
육군,K182106,7012,직접
육군,K182106,7013,직접
육군,K182106,7051,직접
육군,K182106,3091,간접
육군,K182106,3092,간접
육군,K182106,3093,간접
육군,K182106,4011,간접
육군,K182106,4012,간접
육군,K182106,4013,간접
육군,K182106,7031,간접
육군,K182107,4011,간접
육군,K182107,4012,간접
육군,K182107,4013,간접
육군,K182107,7011,간접
육군,K182107,7012,간접
육군,K182107,7013,간접
육군,K182107,7021,간접
육군,K182107,7031,간접
육군,K182107,7051,간접
육군,K182107,5011,직접
육군,K182107,5012,직접
육군,K182108,5011,직접
육군,K182108,5012,직접
육군,K182108,7011,간접
육군,K182108,7012,간접
육군,K182108,7013,간접
육군,K182108,7051,간접
육군,K182108,9021,간접
육군,K182109,3091,간접
육군,K182109,3092,간접
육군,K182109,3093,간접
육군,K182109,4061,간접
육군,K182109,4011,직접
육군,K182109,4012,직접
육군,K182109,4013,직접
육군,K182109,4031,직접
육군,K182109,4032,직접
육군,K182109,4033,직접
육군,K182109,4034,직접
육군,K182109,5011,직접
육군,K182109,5012,직접
육군,K182110,4011,직접
육군,K182110,4012,직접
육군,K182110,4013,직접
육군,K182110,4031,직접
육군,K182110,4032,직접
육군,K182110,4033,직접
육군,K182110,4034,직접
육군,K182110,5011,직접
육군,K182110,5012,직접
육군,K182110,5021,간접
육군,K182110,7011,간접
육군,K182110,7012,간접
육군,K182110,7013,간접
육군,K182110,7031,간접
육군,K182111,4021,간접
육군,K182111,4022,간접
육군,K182111,4041,간접
육군,K182111,4042,간접
육군,K182111,5011,간접
육군,K182111,5012,간접
육군,K182111,4011,직접
육군,K182111,4012,직접
육군,K182111,4013,직접
육군,K182111,4031,직접
육군,K182111,4032,직접
육군,K182111,4033,직접
육군,K182111,4034,직접
육군,K182111,4081,직접
육군,K182111,4082,직접
육군,K182111,4083,직접
육군,K182111,4091,직접
육군,K211101,6021,직접
육군,K211101,6022,직접
육군,K211101,6023,직접
육군,K211101,6031,직접
육군,K211101,6032,직접
육군,K211101,6033,직접
육군,K211101,6041,직접
육군,K211101,6042,직접
육군,K211101,6011,간접
육군,K211101,6012,간접
육군,K211102,6011,직접
육군,K211102,6012,직접
육군,K211102,6021,직접
육군,K211102,6022,직접
육군,K211102,6023,직접
육군,K211102,6031,직접
육군,K211102,6032,직접
육군,K211102,6033,직접
육군,K211102,6041,직접
육군,K211102,6042,직접
육군,K211102,1031,간접
육군,K211102,1032,간접
육군,K211102,1033,간접
육군,K211102,2021,간접
육군,K211103,6021,직접
육군,K211103,6022,직접
육군,K211103,6023,직접
육군,K211103,6031,직접
육군,K211103,6032,직접
육군,K211103,6033,직접
육군,K211104,6011,직접
육군,K211104,6012,직접
육군,K211104,6021,직접
육군,K211104,6022,직접
육군,K211104,6023,직접
육군,K211104,6031,직접
육군,K211104,6032,직접
육군,K211104,6033,직접
육군,K211104,6041,직접
육군,K211104,6042,직접
육군,K211104,7051,간접
육군,K221101,4011,직접
육군,K221101,4012,직접
육군,K221101,4013,직접
육군,K221101,4021,직접
육군,K221101,4022,직접
육군,K221101,4031,직접
육군,K221101,4032,직접
육군,K221101,4033,직접
육군,K221101,4034,직접
육군,K221101,4081,직접
육군,K221101,4082,직접
육군,K221101,4083,직접
육군,K221101,5011,직접
육군,K221101,5012,직접
육군,K221102,3091,직접
육군,K221102,3092,직접
육군,K221102,3093,직접
육군,K221102,4011,직접
육군,K221102,4012,직접
육군,K221102,4013,직접
육군,K221102,4031,직접
육군,K221102,4032,직접
육군,K221102,4033,직접
육군,K221102,4034,직접
육군,K221102,4081,직접
육군,K221102,4082,직접
육군,K221102,4083,직접
육군,K221102,4021,간접
육군,K221102,4022,간접
육군,K221102,7011,간접
육군,K221102,7012,간접
육군,K221102,7031,간접
육군,K221102,7032,간접
육군,K221102,7051,간접
육군,K221102,7052,간접
육군,K221103,4011,직접
육군,K221103,4012,직접
육군,K221103,4031,직접
육군,K221103,4032,직접
육군,K221103,4033,직접
육군,K221103,4034,직접
육군,K221103,4081,직접
육군,K221103,4082,직접
육군,K221103,4083,직접
육군,K221103,3091,간접
육군,K221103,3092,간접
육군,K221103,3093,간접
육군,K221103,4021,간접
육군,K221103,4022,간접
육군,K221103,7011,간접
육군,K221103,7012,간접
육군,K221103,7013,간접
육군,K221103,7031,간접
육군,K221103,7032,간접
육군,K222101,5011,직접
육군,K222101,5012,직접
육군,K222101,7011,직접
육군,K222101,7012,직접
육군,K222101,7013,직접
육군,K222101,7051,직접
육군,K222101,7052,직접
육군,K222101,3121,간접
육군,K222101,3122,간접
육군,K222101,7021,간접
육군,K222101,7031,간접
육군,K222101,7032,간접
육군,K222102,7011,직접
육군,K222102,7012,직접
육군,K222102,7013,직접
육군,K222102,7021,직접
육군,K222102,7051,직접
육군,K222102,3121,간접
육군,K222102,3122,간접
육군,K222102,5011,간접
육군,K222102,5012,간접
육군,K222103,1031,직접
육군,K222103,1032,직접
육군,K222103,1033,직접
육군,K222103,7011,직접
육군,K222103,7012,직접
육군,K222103,7013,직접
육군,K222103,7041,직접
육군,K222103,4011,간접
육군,K222103,4012,간접
육군,K222103,4013,간접
육군,K222103,4101,간접
육군,K222103,4102,간접
육군,K222103,7021,간접
육군,K222103,7031,간접
육군,K222103,7032,간접
육군,K222104,4011,직접
육군,K222104,4012,직접
육군,K222104,4013,직접
육군,K222104,4031,직접
육군,K222104,4032,직접
육군,K222104,4033,직접
육군,K222104,4034,직접
육군,K222104,4021,간접
육군,K222104,4022,간접
육군,K222104,4041,간접
육군,K222104,4042,간접
육군,K222104,4061,간접
육군,K222104,4081,간접
육군,K222104,4082,간접
육군,K222104,4083,간접
육군,K222105,4031,직접
육군,K222105,4032,직접
육군,K222105,4033,직접
육군,K222105,4034,직접
육군,K222105,7011,직접
육군,K222105,7012,직접
육군,K222105,7013,직접
육군,K222105,7051,직접
육군,K222105,7052,직접
육군,K222105,3091,간접
육군,K222105,3092,간접
육군,K222105,3093,간접
육군,K222105,3121,간접
육군,K222105,3122,간접
육군,K222105,4011,간접
육군,K222105,4012,간접
육군,K222105,4013,간접
육군,K222105,4041,간접
육군,K222105,4042,간접
육군,K222105,5011,간접
육군,K222105,5012,간접
육군,K222106,4031,직접
육군,K222106,4032,직접
육군,K222106,4033,직접
육군,K222106,4034,직접
육군,K222106,7011,직접
육군,K222106,7012,직접
육군,K222106,7013,직접
육군,K222106,4031,간접
육군,K222106,4032,간접
육군,K222106,4033,간접
육군,K222106,4034,간접
육군,K222106,7011,간접
육군,K222106,7012,간접
육군,K222106,7013,간접
육군,K222107,3121,직접
육군,K222107,3122,직접
육군,K222107,7011,직접
육군,K222107,7012,직접
육군,K222107,7013,직접
육군,K222107,7051,직접
육군,K222107,7052,직접
육군,K222107,3091,간접
육군,K222107,3092,간접
육군,K222107,3093,간접
육군,K222107,5011,간접
육군,K222107,5012,간접
육군,K222107,7021,간접
육군,K222107,7031,간접
육군,K222107,7032,간접
육군,K222108,4031,간접
육군,K222108,4032,간접
육군,K222108,4033,간접
육군,K222108,4034,간접
육군,K222108,4041,간접
육군,K222108,4042,간접
육군,K222108,4061,간접
육군,K222108,4081,간접
육군,K222108,4082,간접
육군,K222108,4083,간접
육군,K222108,3091,직접
육군,K222108,3092,직접
육군,K222108,3093,직접
육군,K222108,4011,직접
육군,K222108,4012,직접
육군,K222108,4013,직접
육군,K222108,4021,직접
육군,K222108,4022,직접
육군,K222108,7041,직접
육군,K222109,3121,직접
육군,K222109,3122,직접
육군,K222109,5011,직접
육군,K222109,5012,직접
육군,K222109,7011,직접
육군,K222109,7012,직접
육군,K222109,7013,직접
육군,K222109,7051,직접
육군,K222109,7052,직접
육군,K222109,3091,간접
육군,K222109,3092,간접
육군,K222109,3093,간접
육군,K222109,7021,간접
육군,K222109,7031,간접
육군,K222109,7032,간접
육군,K222113,3121,직접
육군,K222113,3122,직접
육군,K222113,4011,직접
육군,K222113,4012,직접
육군,K222113,4013,직접
육군,K222113,5011,직접
육군,K222113,5012,직접
육군,K222113,7011,직접
육군,K222113,7012,직접
육군,K222113,7013,직접
육군,K222113,7051,직접
육군,K222113,7052,직접
육군,K222113,3091,간접
육군,K222113,3092,간접
육군,K222113,3093,간접
육군,K222113,7021,간접
육군,K222113,7031,간접
육군,K222113,7032,간접
육군,K222114,3121,직접
육군,K222114,3122,직접
육군,K222114,5011,직접
육군,K222114,5012,직접
육군,K222114,7051,직접
육군,K222114,7052,직접
육군,K222114,3091,간접
육군,K222114,3092,간접
육군,K222114,3093,간접
육군,K222114,4031,간접
육군,K222114,4032,간접
육군,K222114,4033,간접
육군,K222114,4034,간접
육군,K222114,7011,간접
육군,K222114,7012,간접
육군,K222114,7013,간접
육군,K222114,7021,간접
육군,K222114,7031,간접
육군,K222114,7032,간접
육군,K223101,4011,직접
육군,K223101,4012,직접
육군,K223101,4013,직접
육군,K223101,4021,직접
육군,K223101,4022,직접
육군,K223101,4031,직접
육군,K223101,4032,직접
육군,K223101,4033,직접
육군,K223101,4034,직접
육군,K223101,4041,간접
육군,K223101,4042,간접
육군,K223101,4061,간접
육군,K223101,4081,간접
육군,K223101,4082,간접
육군,K223101,4083,간접
육군,K223101,4091,간접
육군,K223102,4021,직접
육군,K223102,4022,직접
육군,K223102,4081,직접
육군,K223102,4082,직접
육군,K223102,4083,직접
육군,K223102,4091,직접
육군,K223102,4011,간접
육군,K223102,4012,간접
육군,K223102,4013,간접
육군,K223102,4031,간접
육군,K223102,4032,간접
육군,K223102,4033,간접
육군,K223102,4034,간접
육군,K223103,4011,직접
육군,K223103,4012,직접
육군,K223103,4013,직접
육군,K223103,4021,직접
육군,K223103,4022,직접
육군,K223103,4041,직접
육군,K223103,4042,직접
육군,K223103,4031,간접
육군,K223103,4032,간접
육군,K223103,4033,간접
육군,K223103,4034,간접
육군,K223103,4081,간접
육군,K223103,4082,간접
육군,K223103,4083,간접
육군,K223103,4091,간접
육군,K223104,4011,직접
육군,K223104,4012,직접
육군,K223104,4013,직접
육군,K223104,4031,직접
육군,K223104,4032,직접
육군,K223104,4033,직접
육군,K223104,4034,직접
육군,K223104,4041,직접
육군,K223104,4042,직접
육군,K223104,4091,직접
육군,K223104,4021,간접
육군,K223104,4022,간접
육군,K223104,4061,간접
육군,K223104,4081,간접
육군,K223104,4082,간접
육군,K223104,4083,간접
육군,K223105,4011,직접
육군,K223105,4012,직접
육군,K223105,4013,직접
육군,K223105,4031,직접
육군,K223105,4032,직접
육군,K223105,4033,직접
육군,K223105,4034,직접
육군,K223105,4021,간접
육군,K223105,4022,간접
육군,K223105,4041,간접
육군,K223105,4042,간접
육군,K223105,4081,간접
육군,K223105,4082,간접
육군,K223105,4083,간접
육군,K223105,4091,간접
육군,K223106,4021,간접
육군,K223106,4022,간접
육군,K223106,4031,간접
육군,K223106,4032,간접
육군,K223106,4033,간접
육군,K223106,4034,간접
육군,K223106,4041,간접
육군,K223106,4042,간접
육군,K223106,4061,간접
육군,K223106,3091,직접
육군,K223106,3092,직접
육군,K223106,3093,직접
육군,K223106,4011,직접
육군,K223106,4012,직접
육군,K223106,4013,직접
육군,K223106,4081,직접
육군,K223106,4082,직접
육군,K223106,4083,직접
육군,K223106,4091,직접
육군,K223107,4011,직접
육군,K223107,4012,직접
육군,K223107,4013,직접
육군,K223107,4021,직접
육군,K223107,4022,직접
육군,K223107,4031,직접
육군,K223107,4032,직접
육군,K223107,4033,직접
육군,K223107,4034,직접
육군,K223107,4041,간접
육군,K223107,4042,간접
육군,K223107,4061,간접
육군,K223107,4081,간접
육군,K223107,4082,간접
육군,K223107,4083,간접
육군,K223107,4091,간접
육군,K223108,0041,간접
육군,K223108,0051,간접
육군,K223108,4061,간접
육군,K223108,4081,간접
육군,K223108,4082,간접
육군,K223108,4083,간접
육군,K223108,4091,간접
육군,K223108,4011,직접
육군,K223108,4012,직접
육군,K223108,4013,직접
육군,K223108,4021,직접
육군,K223108,4022,직접
육군,K223108,4031,직접
육군,K223108,4032,직접
육군,K223108,4033,직접
육군,K223108,4034,직접
육군,K223108,4041,직접
육군,K223108,4042,직접
육군,K224101,3121,직접
육군,K224101,3122,직접
육군,K224101,5011,직접
육군,K224101,5012,직접
육군,K224101,7051,직접
육군,K224101,7052,직접
육군,K224101,7011,간접
육군,K224101,7012,간접
육군,K224101,7013,간접
육군,K224101,7021,간접
육군,K224101,7031,간접
육군,K224101,7032,간접
육군,K224102,3091,간접
육군,K224102,3092,간접
육군,K224102,3093,간접
육군,K224102,7011,간접
육군,K224102,7012,간접
육군,K224102,7013,간접
육군,K224102,7021,간접
육군,K224102,7031,간접
육군,K224102,7032,간접
육군,K224102,3121,직접
육군,K224102,3122,직접
육군,K224102,5011,직접
육군,K224102,5012,직접
육군,K224102,7051,직접
육군,K224102,7052,직접
육군,K224103,3091,직접
육군,K224103,3092,직접
육군,K224103,3093,직접
육군,K224103,7051,직접
육군,K224103,7052,직접
육군,K224103,3121,간접
육군,K224103,3122,간접
육군,K224103,4011,간접
육군,K224103,4012,간접
육군,K224103,4013,간접
육군,K224103,5011,간접
육군,K224103,5012,간접
육군,K224103,7011,간접
육군,K224103,7012,간접
육군,K224103,7013,간접
육군,K224104,3121,간접
육군,K224104,3122,간접
육군,K224104,5011,간접
육군,K224104,5012,간접
육군,K224104,7051,간접
육군,K224104,7052,간접
육군,K224104,7011,직접
육군,K224104,7012,직접
육군,K224104,7013,직접
육군,K224104,7021,직접
육군,K224104,7031,직접
육군,K224104,7032,직접
육군,K224105,3071,직접
육군,K224105,3091,직접
육군,K224105,3092,직접
육군,K224105,3093,직접
육군,K224105,7011,직접
육군,K224105,7012,직접
육군,K224105,7013,직접
육군,K224105,7021,간접
육군,K224105,7031,간접
육군,K224105,7032,간접
육군,K224106,3091,간접
육군,K224106,3092,간접
육군,K224106,3093,간접
육군,K224106,4021,간접
육군,K224106,4022,간접
육군,K224106,4011,직접
육군,K224106,4012,직접
육군,K224106,4013,직접
육군,K224106,4031,직접
육군,K224106,4032,직접
육군,K224106,4033,직접
육군,K224106,4034,직접
육군,K224106,4081,직접
육군,K224106,4082,직접
육군,K224106,4083,직접
육군,K224106,4091,직접
육군,K224107,3091,직접
육군,K224107,3092,직접
육군,K224107,3093,직접
육군,K224107,4011,직접
육군,K224107,4012,직접
육군,K224107,4013,직접
육군,K224107,A071,직접
육군,K224107,A072,직접
육군,K224107,4021,간접
육군,K224107,4022,간접
육군,K224107,4031,간접
육군,K224107,4032,간접
육군,K224107,4033,간접
육군,K224107,4034,간접
육군,K224107,7011,간접
육군,K224107,7012,간접
육군,K224107,7013,간접
육군,K225101,1031,간접
육군,K225101,1032,간접
육군,K225101,1033,간접
육군,K225101,1101,간접
육군,K225101,3081,직접
육군,K225101,3082,직접
육군,K225101,3091,직접
육군,K225101,3092,직접
육군,K225101,3093,직접
육군,K225101,6021,직접
육군,K225101,6022,직접
육군,K225101,6023,직접
육군,K225101,7011,직접
육군,K225101,7012,직접
육군,K225101,7013,직접
육군,K225101,7031,직접
육군,K225102,3081,직접
육군,K225102,3082,직접
육군,K225102,3091,직접
육군,K225102,3092,직접
육군,K225102,3093,직접
육군,K225102,6021,직접
육군,K225102,6022,직접
육군,K225102,6023,직접
육군,K225102,7011,직접
육군,K225102,7012,직접
육군,K225102,7013,직접
육군,K225102,7031,직접
육군,K225102,1031,간접
육군,K225102,1032,간접
육군,K225102,1033,간접
육군,K225102,1101,간접
육군,K225103,3051,간접
육군,K225103,3081,간접
육군,K225103,3082,간접
육군,K225103,6021,간접
육군,K225103,6022,간접
육군,K225103,6023,간접
육군,K225103,0041,직접
육군,K225103,0051,직접
육군,K225103,3091,직접
육군,K225103,3092,직접
육군,K225103,3093,직접
육군,K225103,4011,직접
육군,K225103,4012,직접
육군,K225103,4013,직접
육군,K225103,4031,직접
육군,K225103,4032,직접
육군,K225103,4033,직접
육군,K225103,4034,직접
육군,K225103,7011,직접
육군,K225103,7012,직접
육군,K225103,7013,직접
육군,K225103,7031,직접
육군,K225103,7032,직접
육군,K226101,0011,직접
육군,K226101,0012,직접
육군,K226101,0051,직접
육군,K226101,0071,직접
육군,K226101,0072,직접
육군,K226101,0073,직접
육군,K231101,1028,간접
육군,K231101,1031,간접
육군,K231101,0011,직접
육군,K231101,0012,직접
육군,K231101,0031,직접
육군,K231101,0032,직접
육군,K231101,0051,직접
육군,K231101,0071,직접
육군,K231101,0072,직접
육군,K231102,8061,직접
육군,K231102,8062,간접
육군,K231102,A011,간접
육군,K231102,A031,간접
육군,K231103,1028,간접
육군,K231103,1031,간접
육군,K231103,0011,직접
육군,K231103,0012,직접
육군,K231103,0051,직접
육군,K231104,0011,직접
육군,K231104,0012,직접
육군,K231104,6021,직접
육군,K231104,6022,직접
육군,K231104,6023,직접
육군,K231104,6031,직접
육군,K231104,6032,직접
육군,K231104,6033,직접
육군,K231104,0051,간접
육군,K231104,3061,간접
육군,K231104,3071,간접
육군,K231104,3081,간접
육군,K231104,3082,간접
육군,K231104,6011,간접
육군,K231106,0011,간접
육군,K231106,1062,간접
육군,K231106,4011,직접
육군,K231106,4012,직접
육군,K231106,4013,직접
육군,K231106,7011,직접
육군,K231106,7012,직접
육군,K231106,7013,직접
육군,K231106,8011,직접
육군,K231106,8012,직접
육군,K231106,8013,직접
육군,K231107,8031,직접
육군,K231107,8032,직접
육군,K231107,8033,직접
육군,K231107,8034,직접
육군,K241107,7011,직접
육군,K241107,7012,간접
육군,K241107,7013,간접
육군,K241107,7021,간접
육군,K241107,7022,간접
육군,K241107,7023,간접
육군,K241107,3121,직접
육군,K241107,3122,직접
육군,K241107,5011,직접
육군,K241107,5012,직접
육군,K241107,7051,직접
육군,K241107,7052,직접
육군,K242101,0021,직접
육군,K242101,0022,직접
육군,K242101,0101,직접
육군,K242101,0041,간접
육군,K242101,0051,간접
육군,K243101,7011,간접
육군,K243101,7012,간접
육군,K243101,7013,간접
육군,K243101,9021,간접
육군,K243101,9022,간접
육군,K243101,9023,간접
육군,K243101,0011,직접
육군,K243101,0012,직접
육군,K243102,9021,직접
육군,K243102,9022,직접
육군,K243102,9023,직접
육군,K243102,7011,간접
육군,K243102,7012,간접
육군,K311101,0081,간접
육군,K311101,0082,간접
육군,K311101,1025,간접
육군,K311101,0011,직접
육군,K311101,0012,직접
육군,K311101,0031,직접
육군,K311101,0032,직접
육군,K311101,0051,직접
육군,K311101,0071,직접
육군,K311101,0072,직접
육군,K331101,0011,간접
육군,K331101,0012,간접
육군,K331101,0051,간접
육군,K331101,0071,직접
육군,K331101,0072,직접
육군,K331101,0073,직접
육군,K341101,0091,직접
육군,K341101,0092,직접
육군,K341101,4111,직접
육군,K341101,4112,직접
육군,K341101,4113,직접
육군,K341101,4101,간접
육군,K341101,4102,간접
육군,K341102,4101,간접
육군,K341102,4102,간접
육군,K341102,0091,직접
육군,K341102,0092,직접
육군,K341102,4111,직접
육군,K341102,4112,직접
육군,K341102,4113,직접
육군,K341103,4101,직접
육군,K341103,4102,직접
육군,K341103,4091,간접
육군,K341103,4111,간접
육군,K341103,4112,간접
육군,K341103,4113,간접
육군,K411101,A021,간접
육군,K411101,A022,간접
육군,K411101,A031,간접
육군,K411101,A032,간접
육군,K411101,A033,간접
육군,K411101,A041,간접
육군,K411101,A042,간접
육군,K411101,A043,간접
육군,K411101,A044,간접
육군,K411101,A051,간접
육군,K411101,A052,간접
육군,K411101,A053,간접
육군,K411101,A061,간접
육군,K411101,A062,간접
육군,K411101,A063,간접
육군,K411101,A081,간접
육군,K411101,A082,간접
육군,K411101,A083,간접
육군,K411101,A011,직접
육군,K411101,A012,직접
육군,K411101,A013,직접
육군,K411101,A015,직접
육군,K411101,A091,직접
육군,K411101,A092,직접
육군,K411103,A031,직접
육군,K411103,A032,직접
육군,K411103,A033,직접
육군,K411108,1025,간접
육군,K411108,0011,직접
육군,K411108,0012,직접
육군,K411108,0031,직접
육군,K411108,0032,직접
육군,K411108,0051,직접
육군,K411108,0071,직접
육군,K411108,0072,직접
육군,K411108,A061,직접
육군,K411108,A062,직접
육군,K411108,A063,직접
육군,K412101,A091,직접
육군,K412102,A021,직접
육군,K412103,A041,직접
육군,K412104,A051,직접
육군,K412105,A061,직접
육군,K412106,A081,직접
육군,K461101,0031,간접
육군,K461101,0032,간접
육군,K461101,0081,직접
육군,K461101,0082,직접
육군,K461101,0101,직접
해군,건축/토목,1007,직접
해군,건축/토목,3000,직접
해군,건축/토목,3007,직접
해군,건축/토목,BJ06,직접
해군,기관,3000,직접
해군,기관,3009,직접
해군,기관,BJ07,직접
해군,수송,3000,직접
해군,수송,3006,직접
해군,수송,BJ05,직접
해군,의무,3000,직접
해군,의무,3013,직접
해군,의무,BJ04,직접
해군,일반,3000,직접
해군,일반,BJ01,직접
해군,전기,1010,직접
해군,전기,3000,직접
해군,전기,3010,직접
해군,전기,BJ13,직접
해군,전산,1012,직접
해군,전산,3000,직접
해군,전산,3012,직접
해군,전산,BJ09,직접
해군,전자,1004,직접
해군,전자,3000,직접
해군,전자,3004,직접
해군,전자,BJ12,직접
해군,조리,3000,직접
해군,조리,3011,직접
해군,조리,BJ08,직접
해군,통신,3000,직접
해군,통신,3003,직접
해군,통신,BJ03,직접
해군,항공,3000,직접
해군,항공,3005,직접
해군,항공,BJ11,직접
해군,화생방,1008,직접
해군,화생방,3000,직접
해군,화생방,3008,직접
해군,화생방,BJ02,직접
공군,화생방,1006,직접
공군,화생방,3000,직접
공군,화생방,3006,직접
공군,화생방,BJ02,직접
공군,차량운전,1009,직접
공군,차량운전,3000,직접
공군,차량운전,3009,직접
공군,차량운전,BJ05,직접
공군,차량정비,3000,직접
공군,차량정비,BJ20,직접
공군,의장,1014,직접
공군,의장,3000,직접
공군,의장,3014,직접
공군,일반,1001,직접
공군,일반,3000,직접
공군,일반,3001,직접
공군,일반,3003,직접
공군,일반,BJ01,직접
공군,전자계산,1005,직접
공군,전자계산,3000,직접
공군,전자계산,3005,직접
공군,전자계산,BJ09,직접
공군,의무,1007,직접
공군,의무,3000,직접
공군,의무,3007,직접
공군,의무,BJ04,직접
공군,기계,1008,직접
공군,기계,3000,직접
공군,기계,3008,직접
공군,기계,BJ07,직접
공군,통신전자전기,3000,직접
공군,통신전자전기,3011,직접
공군,통신전자전기,BJ03,직접
공군,공병,3000,직접
공군,공병,BJ06,직접
해병,공병,3000,직접
해병,공병,3103,직접
해병,공병,BJ06,직접
해병,무기정비,3000,직접
해병,무기정비,3105,직접
해병,무기정비,BJ07,직접
해병,수송,3000,직접
해병,수송,3108,직접
해병,수송,BJ05,직접
해병,일반,3000,직접
해병,일반,3001,직접
해병,일반,BJ01,직접
해병,정보통신,3000,직접
해병,정보통신,3106,직접
해병,정보통신,BJ03,직접
해병,조리,3000,직접
해병,조리,3110,직접
해병,조리,BJ08,직접
해병,화학,3000,직접
해병,화학,3104,직접
해병,화학,BJ02,직접
해병,수색,3000,직접
해병,수색,3102,직접
해병,수색,BJ20,직접
